epoch,steps,training step,training data,training loss,training prec1,training prec5,training error1,training error5,validation step,validation data,validation loss,validation prec1,validation prec5,validation error1,validation error5
1,390,0.018961660678570087,0.004905971502646422,1.7231300616875673,34.48918269230769,86.38822115384616,65.5108173076923,13.61177884615384,0.014286665976802004,0.009672898280469678,1.5673328298568725,41.63,91.37,58.37,8.629999999999995
2,780,0.015636877524547087,0.0020223379135131834,1.227683789607806,55.260416666666664,94.93790064102564,44.739583333333336,5.062099358974365,0.01398529282099084,0.007950933673713781,1.1495349475860597,59.36,96.8,40.64,3.200000000000003
3,1170,0.015365690451401931,0.0018261304268470178,0.9807559236502036,64.7275641025641,96.97716346153847,35.2724358974359,3.022836538461533,0.013828929466537283,0.008648066581050051,0.9402126524925232,67.23,97.28,32.769999999999996,2.719999999999999
4,1560,0.015912339626214442,0.001653149800422864,0.8624611443434006,69.44911858974359,97.66826923076923,30.55088141025641,2.3317307692307736,0.014118912853772127,0.009309539312048804,0.8752430702209473,69.96,98.0,30.040000000000006,2.0
5,1950,0.0157620295500144,0.001960022632892315,0.7658232299945293,73.23116987179488,98.25320512820512,26.768830128205124,1.7467948717948758,0.013853785357897795,0.008776613428622862,1.0836308155059815,65.65,96.56,34.349999999999994,3.4399999999999977
6,2340,0.01525718371073405,0.0018546611834795047,0.6864247821080379,76.02564102564102,98.52764423076923,23.974358974358978,1.4723557692307736,0.015975946112524106,0.011055188842966586,0.8099179841995239,72.81,98.16,27.189999999999998,1.8400000000000034
7,2730,0.014980645668812288,0.0016090191327608548,0.6215246959374501,78.22916666666667,98.82411858974359,21.77083333333333,1.1758814102564088,0.014166813862474658,0.008772934539408623,0.7637244886398316,75.4,98.34,24.599999999999994,1.6599999999999966
8,3120,0.015602947504092485,0.0016722679138183594,0.5735838749469855,80.06810897435898,98.9443108974359,19.931891025641022,1.0556891025641022,0.014420135111748418,0.009997995593879797,0.6295942926883697,78.77,98.69,21.230000000000004,1.3100000000000023
9,3510,0.01508333927545792,0.001574560923454089,0.5456215136326277,81.15785256410257,99.1045673076923,18.84214743589743,0.8954326923076934,0.0136643059646027,0.008544858497909353,0.759635933971405,75.65,98.29,24.349999999999994,1.7099999999999937
10,3900,0.015249859981047801,0.0015776707575871395,0.510814023247132,82.32772435897436,99.17267628205128,17.672275641025635,0.8273237179487154,0.013848123671133307,0.009583895719504054,0.63703329205513,79.72,98.75,20.28,1.25
11,4290,0.015304318452492739,0.001719977305485652,0.4801100420646178,83.3193108974359,99.26282051282051,16.680689102564102,0.737179487179489,0.013567788691460332,0.009381421004669576,0.5325667875766754,81.81,99.21,18.189999999999998,0.7900000000000063
12,4680,0.015235823240035619,0.0015970908678494967,0.4635783789249567,84.03645833333333,99.3329326923077,15.963541666666671,0.6670673076923066,0.013981215561492533,0.009283210657819917,0.5158848733901977,82.96,99.16,17.040000000000006,0.8400000000000034
13,5070,0.015915980094518417,0.0014609532478528145,0.439384196469417,84.8056891025641,99.38501602564102,15.194310897435898,0.614983974358978,0.013959317267695559,0.008467665201501001,0.5380466044425964,82.63,99.07,17.370000000000005,0.9300000000000068
14,5460,0.015400032508067596,0.0016809665239774264,0.4234687451368723,85.33453525641026,99.44511217948718,14.665464743589737,0.5548878205128176,0.014039872567864913,0.009963778000843675,0.5043201173782349,83.0,99.12,17.0,0.8799999999999955
15,5850,0.015509669597332295,0.001753830909729004,0.4123568783585842,85.63501602564102,99.50520833333333,14.364983974358978,0.4947916666666714,0.013982380492777764,0.008856978597520273,0.6216642369270324,80.44,99.01,19.560000000000002,0.9899999999999949
16,6240,0.01589192916185428,0.001634501188229292,0.39458300654704753,86.2099358974359,99.54927884615384,13.790064102564102,0.4507211538461604,0.013883726506293574,0.009373574317256106,0.479252836894989,84.25,99.15,15.75,0.8499999999999943
17,6630,0.015039985607831907,0.0015148602999173679,0.38738435185872594,86.55849358974359,99.51322115384616,13.441506410256409,0.4867788461538396,0.013785313956345184,0.009140757065785082,0.5521818489074707,82.38,98.77,17.620000000000005,1.230000000000004
18,7020,0.015369979540507,0.0015254613680717273,0.3717134278554183,86.99919871794872,99.58333333333333,13.000801282051285,0.4166666666666714,0.013679033593286443,0.009607547446142268,0.564354489326477,82.12,99.15,17.879999999999995,0.8499999999999943
19,7410,0.015714617264576448,0.0015819604580218976,0.359817894643698,87.55408653846153,99.59735576923077,12.445913461538467,0.4026442307692264,0.013815309427961518,0.009460446200793303,0.5504439122200012,82.82,99.06,17.180000000000007,0.9399999999999977
20,7800,0.015192890778566018,0.0016701423204862154,0.3520528659606591,87.63221153846153,99.6514423076923,12.367788461538467,0.3485576923076934,0.013874419127838522,0.009311277655106557,0.5382971084594727,83.01,99.24,16.989999999999995,0.7600000000000051
21,8190,0.015432639611073029,0.00161895079490466,0.3430144641261834,88.03485576923077,99.62339743589743,11.965144230769226,0.3766025641025692,0.013854385931280595,0.009716000738023202,0.4451422572135925,85.45,99.31,14.549999999999997,0.6899999999999977
22,8580,0.015351439133668557,0.0016039493756416516,0.33522345966253525,88.21314102564102,99.66346153846153,11.786858974358978,0.336538461538467,0.014107456690148462,0.009624997271767145,0.43057058362960815,85.55,99.38,14.450000000000003,0.6200000000000045
23,8970,0.015427814997159518,0.0015628533485608222,0.3286345327129731,88.60376602564102,99.66746794871794,11.396233974358978,0.3325320512820582,0.014149013953872873,0.008874090411995031,0.46115144677162173,84.92,99.42,15.079999999999998,0.5799999999999983
24,9360,0.015201368087377303,0.001539920537899702,0.3246865445413651,88.828125,99.68349358974359,11.171875,0.3165064102564088,0.013921613934673841,0.00857360151749623,0.48892456016540525,84.06,99.16,15.939999999999998,0.8400000000000034
25,9750,0.015132615505120694,0.0015827600772564227,0.3148451263705889,89.04046474358974,99.74759615384616,10.959535256410263,0.2524038461538396,0.014006844049767602,0.00920775268651262,0.5508684158325196,82.75,99.24,17.25,0.7600000000000051
26,10140,0.015486373045505621,0.0017023013188288763,0.31128375228398886,89.12660256410257,99.68149038461539,10.87339743589743,0.3185096153846132,0.013879972168161898,0.008682736867590796,0.48410346240997315,84.27,99.41,15.730000000000004,0.5900000000000034
27,10530,0.015349086737021421,0.001500413356683193,0.3046241181401106,89.42508012820512,99.75761217948718,10.574919871794876,0.2423878205128176,0.013706605645674693,0.00948864900613133,0.48255222396850583,84.85,99.34,15.150000000000006,0.6599999999999966
28,10920,0.016075958349765874,0.0016317245287772936,0.2958133015877161,89.70753205128206,99.74759615384616,10.292467948717942,0.2524038461538396,0.013750151742862749,0.009589816950544526,0.39743117184638976,87.09,99.5,12.909999999999997,0.5
29,11310,0.01517019332983555,0.0015776890974778396,0.29003900409891054,89.74759615384616,99.70753205128206,10.25240384615384,0.2924679487179418,0.013863566555554353,0.0085259389273728,0.42801448073387144,85.99,99.43,14.010000000000005,0.5699999999999932
30,11700,0.01575612532786834,0.001566134966336764,0.2858303139607112,89.93589743589743,99.77363782051282,10.06410256410257,0.2263621794871824,0.01393770266182815,0.009359299382076988,0.4724040949821472,85.47,99.4,14.530000000000001,0.5999999999999943
31,12090,0.015144039423037797,0.0016079260752751277,0.283510051935147,89.93990384615384,99.75560897435898,10.06009615384616,0.244391025641022,0.013933365858053859,0.009605154206481161,0.5028455212593078,85.01,99.29,14.989999999999995,0.7099999999999937
32,12480,0.015127948002937512,0.001675096536294008,0.28115250407121123,90.2323717948718,99.765625,9.767628205128204,0.234375,0.013909339904785156,0.009060603153856494,0.4523860769271851,85.97,99.24,14.030000000000001,0.7600000000000051
33,12870,0.015447444793505547,0.001592711301950308,0.2756797811541802,90.52283653846153,99.7676282051282,9.477163461538467,0.2323717948717956,0.013772683807566195,0.010101490382906756,0.41196553773880007,86.96,99.53,13.040000000000006,0.46999999999999886
34,13260,0.015469611608065093,0.0016452465301904924,0.27311382689155067,90.30248397435898,99.79567307692308,9.697516025641022,0.2043269230769198,0.01398094394538976,0.009326506264602082,0.4552462666511536,86.32,99.39,13.680000000000007,0.6099999999999994
35,13650,0.015101154033954328,0.0015207168383476063,0.2706026897980617,90.52483974358974,99.78165064102564,9.475160256410263,0.2183493589743648,0.013672059095358546,0.008471724353259123,0.45205441308021543,85.43,99.43,14.569999999999993,0.5699999999999932
36,14040,0.01568733545450064,0.001755224741422213,0.263531280003297,90.82932692307692,99.76161858974359,9.17067307692308,0.2383814102564088,0.01377617558346519,0.00924587853347199,0.40952867250442504,87.5,99.49,12.5,0.5100000000000051
37,14430,0.015528570688687838,0.0016383978036733774,0.26440202148678976,90.75921474358974,99.8036858974359,9.240785256410263,0.1963141025641022,0.014244094679627237,0.008965060680727416,0.4722255299568176,85.69,99.35,14.310000000000002,0.6500000000000057
38,14820,0.015666800278883713,0.0015470223549084786,0.2607478108925697,91.02964743589743,99.8056891025641,8.97035256410257,0.1943108974358978,0.013910951493661615,0.009134579308425324,0.420195986366272,86.77,99.54,13.230000000000004,0.45999999999999375
39,15210,0.015477690329918494,0.002010373580150115,0.2572674858837556,91.0917467948718,99.84975961538461,8.908253205128204,0.1502403846153868,0.01381734956668902,0.009100699726539322,0.4159415340423584,86.79,99.39,13.209999999999994,0.6099999999999994
40,15600,0.015406233225113307,0.0017142002399151142,0.2525332926939695,91.22395833333333,99.82972756410257,8.776041666666671,0.1702724358974308,0.014211470567727391,0.00918944274322896,0.533709889125824,84.66,99.24,15.340000000000003,0.7600000000000051
41,15990,0.015616187682518592,0.0018759605212089344,0.2502537696980513,91.23998397435898,99.81770833333333,8.760016025641022,0.1822916666666714,0.014514470402198502,0.010468495043018196,0.45884620208740234,85.91,99.49,14.090000000000003,0.5100000000000051
42,16380,0.01567716170579959,0.0015633265177408854,0.25063899839535736,91.17988782051282,99.82572115384616,8.820112179487182,0.1742788461538396,0.015455285205116754,0.011418025704878794,0.4285933469772339,86.51,99.44,13.489999999999995,0.5600000000000023
43,16770,0.01559150524628468,0.0016646085641322992,0.2395048095820806,91.62459935897436,99.82972756410257,8.375400641025635,0.1702724358974308,0.013769635671301734,0.010091356084316591,0.407546421957016,86.97,99.5,13.030000000000001,0.5
44,17160,0.015409373014401167,0.0016790151596069336,0.2400942987547471,91.46033653846153,99.84375,8.539663461538467,0.15625,0.01406823230695121,0.008731573442869548,0.40148794951438904,86.94,99.51,13.060000000000002,0.4899999999999949
45,17550,0.014940568728324695,0.0015807188474214993,0.24567607175081205,91.26402243589743,99.83173076923077,8.73597756410257,0.1682692307692264,0.01376465302479418,0.008993034121356432,0.4055545401096344,87.16,99.47,12.840000000000003,0.5300000000000011
46,17940,0.01571321915357541,0.001773523061703413,0.2360091327665708,91.72275641025641,99.84775641025641,8.277243589743591,0.1522435897435912,0.013831509819513635,0.010124363476717019,0.42162734365463256,86.48,99.65,13.519999999999996,0.3499999999999943
47,18330,0.01506817829914582,0.0014516268021021134,0.24075999544599117,91.5244391025641,99.85376602564102,8.475560897435898,0.146233974358978,0.013779836364939242,0.009557576119145261,0.4090539917945862,87.11,99.46,12.89,0.5400000000000063
48,18720,0.015144919126461714,0.0015786012013753255,0.23277365315036896,91.875,99.81770833333333,8.125,0.1822916666666714,0.013949702057657363,0.009836715987966031,0.4058347761869431,86.92,99.55,13.079999999999998,0.45000000000000284
49,19110,0.014763323465983073,0.0015661227397429638,0.23599663013831162,91.73477564102564,99.83573717948718,8.265224358974365,0.1642628205128176,0.013844308973867682,0.00860375995877423,0.46310854268074036,85.74,99.32,14.260000000000005,0.6800000000000068
50,19500,0.015230507728381035,0.001599269035534981,0.23083838786070163,91.82491987179488,99.83573717948718,8.175080128205124,0.1642628205128176,0.013787091532840004,0.008938707882844949,0.41236525955200193,87.25,99.43,12.75,0.5699999999999932
51,19890,0.015392045485667694,0.0015936496930244641,0.22487763235202202,92.10536858974359,99.85176282051282,7.894631410256409,0.1482371794871824,0.013859769966028914,0.008869657033606421,0.4265105970621109,86.77,99.56,13.230000000000004,0.4399999999999977
52,20280,0.015293313295413287,0.001588580547234951,0.23281578484636087,91.84094551282051,99.85376602564102,8.159054487179489,0.146233974358978,0.013868452627447587,0.01059233991405632,0.37775465087890625,87.8,99.55,12.200000000000003,0.45000000000000284
53,20670,0.014957806391593737,0.0016306167993790064,0.22205300090404656,92.24559294871794,99.85576923076923,7.754407051282058,0.1442307692307736,0.013769469683683372,0.009534920318217217,0.38721783013343813,87.48,99.66,12.519999999999996,0.3400000000000034
54,21060,0.015259124682499813,0.0015130354807927058,0.22389603688930854,91.9150641025641,99.89983974358974,8.084935897435898,0.1001602564102626,0.01414440553399581,0.008950858176509036,0.5216165576934815,84.87,99.48,15.129999999999995,0.519999999999996
55,21450,0.01538989115984012,0.0017072714292086088,0.22837612965168097,91.98517628205128,99.86378205128206,8.014823717948715,0.1362179487179418,0.013934141472925115,0.008266138125069534,0.5416104028701783,83.45,99.35,16.549999999999997,0.6500000000000057
56,21840,0.01571157345404992,0.0017207738680717272,0.22391570418691023,92.17347756410257,99.85777243589743,7.826522435897431,0.1422275641025692,0.013912991632389116,0.009260464318190949,0.3875329742431641,87.98,99.46,12.019999999999996,0.5400000000000063
57,22230,0.015437969183310484,0.0016254039911123422,0.21933699674331225,92.28365384615384,99.85176282051282,7.71634615384616,0.1482371794871824,0.013799733753445783,0.009738318527801127,0.39700893025398254,87.3,99.59,12.700000000000003,0.4099999999999966
58,22620,0.015341099103291829,0.0016726035338181717,0.2153979985186687,92.44591346153847,99.86578525641026,7.554086538461533,0.1342147435897374,0.013854832588871824,0.00942449026469943,0.4874528416633606,85.85,99.5,14.150000000000006,0.5
59,23010,0.01579614724868383,0.0015407262704311272,0.21977729191764808,92.25961538461539,99.87379807692308,7.740384615384613,0.1262019230769198,0.014065259619604182,0.008467816099335876,0.4138651068687439,87.08,99.44,12.920000000000002,0.5600000000000023
60,23400,0.015177307373438125,0.0015059214371901293,0.21836938174107137,92.2275641025641,99.8457532051282,7.772435897435898,0.1542467948717956,0.014000593861447105,0.009259924103942099,0.40515259470939635,87.81,99.62,12.189999999999998,0.37999999999999545
61,23790,0.015304940786117162,0.0016739888068957205,0.21370805696799205,92.4619391025641,99.8798076923077,7.538060897435898,0.1201923076923066,0.013926587527311301,0.00831691524650477,0.39358025407791136,88.21,99.61,11.790000000000006,0.39000000000000057
62,24180,0.015195668049347707,0.0015062650044759115,0.21294852306063358,92.53405448717949,99.87379807692308,7.465945512820511,0.1262019230769198,0.013831247257280953,0.009249768679655051,0.480002227306366,85.81,99.34,14.189999999999998,0.6599999999999966
63,24570,0.01581387458703457,0.0016353319852780073,0.20866752713918685,92.59615384615384,99.8838141025641,7.40384615384616,0.1161858974358978,0.013855252084852774,0.009171660942367361,0.4131115201950073,87.21,99.55,12.790000000000006,0.45000000000000284
64,24960,0.015053633543161245,0.0016620458700718024,0.21594011638409052,92.46794871794872,99.87179487179488,7.532051282051285,0.1282051282051242,0.013815306410004821,0.009207420711275897,0.5186242073059082,84.94,99.42,15.060000000000002,0.5799999999999983
65,25350,0.01557329618013822,0.0015833573463635566,0.21188640533349454,92.56810897435898,99.88982371794872,7.431891025641022,0.1101762820512846,0.013661426833913297,0.00863653496850895,0.42526412587165835,86.9,99.54,13.099999999999994,0.45999999999999375
66,25740,0.015242759386698406,0.0015880798682188376,0.2048212186075174,92.74639423076923,99.88982371794872,7.253605769230774,0.1101762820512846,0.013840916790539705,0.008717690842061103,0.37423365297317507,88.39,99.59,11.61,0.4099999999999966
67,26130,0.015003546690329527,0.0016302341069930639,0.21183207367475215,92.42988782051282,99.8858173076923,7.570112179487182,0.1141826923076934,0.013848359071755712,0.008690221400200567,0.38634700441360476,88.32,99.55,11.680000000000007,0.45000000000000284
68,26520,0.015282925581320737,0.0016460877198439378,0.20773136638678036,92.7704326923077,99.8818108974359,7.229567307692307,0.1181891025641022,0.01399455493009543,0.00897809221774717,0.36459341831207276,88.62,99.63,11.379999999999995,0.37000000000000455
69,26910,0.01577770343193641,0.0015886936432276016,0.20785072442048635,92.67628205128206,99.87379807692308,7.323717948717942,0.1262019230769198,0.013745250581186029,0.009211196175104455,0.40775995502471923,87.32,99.52,12.680000000000007,0.480000000000004
70,27300,0.015642254169170672,0.0016280699998904497,0.20827349248604896,92.73838141025641,99.8858173076923,7.261618589743591,0.1141826923076934,0.013842899588089956,0.009793550153321859,0.43334617872238157,86.73,99.47,13.269999999999996,0.5300000000000011
71,27690,0.015325298064794296,0.001612692001538399,0.20647224898521715,92.74238782051282,99.89983974358974,7.257612179487182,0.1001602564102626,0.013710193996188006,0.009374036064630822,0.473980944442749,86.28,99.53,13.719999999999999,0.46999999999999886
72,28080,0.015318752557803423,0.0015800775625766852,0.20505074566373457,92.75641025641026,99.89383012820512,7.243589743589737,0.1061698717948758,0.014007812813867497,0.009225718582732767,0.3876911467552185,87.75,99.49,12.25,0.5100000000000051
73,28470,0.015497067647102552,0.001612565456292568,0.20443258698170003,92.7764423076923,99.90785256410257,7.223557692307693,0.0921474358974308,0.01359375519088552,0.00970223583752596,0.3845853729248047,88.48,99.69,11.519999999999996,0.3100000000000023
74,28860,0.015512977502284905,0.0016349511268811349,0.20227903051254076,92.9707532051282,99.87179487179488,7.029246794871796,0.1282051282051242,0.013723053509676003,0.00969523116003109,0.43233195948600767,86.79,99.71,13.209999999999994,0.29000000000000625
75,29250,0.01548770268758138,0.001592398912478716,0.19929513178574734,93.06891025641026,99.87379807692308,6.931089743589737,0.1262019230769198,0.013889385175101365,0.008874217166176325,0.38356923141479493,88.43,99.59,11.569999999999993,0.4099999999999966
76,29640,0.01595594027103522,0.0018854318520961663,0.19644331773504234,93.17908653846153,99.90985576923077,6.820913461538467,0.0901442307692264,0.015694669530361513,0.011677835561052154,0.39805302085876465,88.47,99.61,11.530000000000001,0.39000000000000057
77,30030,0.01577614576388628,0.001969021405929174,0.2023663577934106,92.8485576923077,99.89182692307692,7.151442307692307,0.1081730769230802,0.0160021419766583,0.009926675241204757,0.42376590003967285,87.14,99.54,12.86,0.45999999999999375
78,30420,0.015450255076090495,0.0016067951153486203,0.1945559517886394,93.10697115384616,99.9198717948718,6.89302884615384,0.0801282051282044,0.013780159286305875,0.008740947216371947,0.42815939316749574,86.92,99.53,13.079999999999998,0.46999999999999886
79,30810,0.015660319572839983,0.0016295659236418895,0.20018373269301196,92.92067307692308,99.89583333333333,7.07932692307692,0.1041666666666714,0.013767293736904482,0.009606002252313155,0.4105882700443268,87.96,99.58,12.040000000000006,0.4200000000000017
80,31200,0.015276640500777807,0.001668263704348833,0.19796047179171672,92.93469551282051,99.9198717948718,7.065304487179489,0.0801282051282044,0.013742875449265106,0.008882724786106544,0.3930038875579834,88.11,99.58,11.89,0.4200000000000017
81,31590,0.015630844923166128,0.0015763398928520006,0.19834673903309383,92.9667467948718,99.8838141025641,7.033253205128204,0.1161858974358978,0.014256993426552301,0.010008093676989592,0.42744445505142215,87.24,99.63,12.760000000000005,0.37000000000000455
82,31980,0.015764866731105706,0.0015705450987204526,0.12712618035192674,95.65504807692308,99.9599358974359,4.34495192307692,0.0400641025641022,0.013790999786763252,0.009259540823441518,0.2843842680931091,90.99,99.74,9.010000000000005,0.2600000000000051
83,32370,0.01573197474846473,0.0014949431786170373,0.10133338656563025,96.60657051282051,99.97195512820512,3.393429487179489,0.028044871794875803,0.014024984987476204,0.009034120583836036,0.27952424430847167,91.41,99.79,8.590000000000003,0.20999999999999375
84,32760,0.015326408850841033,0.0016502203085483648,0.08670465561250845,97.0713141025641,99.97796474358974,2.928685897435898,0.022035256410262605,0.014106391351434249,0.00909465777723095,0.2890819800376892,91.19,99.78,8.810000000000002,0.21999999999999886
85,33150,0.01531995504330366,0.001448199076530261,0.07972511421793546,97.3457532051282,99.96794871794872,2.6542467948717956,0.0320512820512846,0.013821369485010076,0.009587674201289309,0.2934544072151184,91.24,99.78,8.760000000000005,0.21999999999999886
86,33540,0.015345385135748447,0.0016620605419843625,0.07474849130958319,97.56810897435898,99.98998397435898,2.431891025641022,0.010016025641021997,0.014102087745183631,0.008809865275515786,0.28896836795806885,91.16,99.77,8.840000000000003,0.23000000000000398
87,33930,0.015616089869768191,0.0017246692608564329,0.07084215697474204,97.60817307692308,99.98998397435898,2.39182692307692,0.010016025641021997,0.014019957071618188,0.009990414486655707,0.2990222931861877,90.95,99.79,9.049999999999997,0.20999999999999375
88,34320,0.015425705298399314,0.0015916922153570714,0.06842897264525677,97.70232371794872,99.98998397435898,2.2976762820512846,0.010016025641021997,0.01390194591087631,0.009093462666378746,0.29980972747802737,91.07,99.79,8.930000000000007,0.20999999999999375
89,34710,0.015596987039614946,0.0016137398206270658,0.06191208579171544,98.0088141025641,99.99198717948718,1.9911858974358978,0.008012820512817598,0.014062157160119165,0.007859565034697327,0.30405285472869875,91.25,99.8,8.75,0.20000000000000284
90,35100,0.01556540269118089,0.0016955718016013121,0.061548775527626276,97.95873397435898,99.99198717948718,2.041266025641022,0.008012820512817598,0.01393528829647016,0.009137138535704794,0.30566752405166625,91.22,99.8,8.780000000000001,0.20000000000000284
91,35490,0.015222644805908203,0.0015807879276764699,0.05908497589258238,98.02884615384616,99.9979967948718,1.9711538461538396,0.0020032051282043994,0.013712704936160317,0.00960229620148864,0.30946903858184815,91.18,99.76,8.819999999999993,0.23999999999999488
92,35880,0.014932951560387245,0.0015714461986835186,0.05636978165174906,98.10296474358974,99.99399038461539,1.8970352564102626,0.006009615384613198,0.01382642154452167,0.009501599058320251,0.3120695416450501,91.3,99.78,8.700000000000003,0.21999999999999886
93,36270,0.015220440962375738,0.0015849914306249374,0.054175469169440944,98.18509615384616,99.98397435897436,1.8149038461538396,0.016025641025635196,0.013962292972999283,0.009826198408875284,0.3097202641487122,91.32,99.81,8.680000000000007,0.18999999999999773
94,36660,0.0156374943562043,0.001526196186359112,0.05286740504730588,98.30528846153847,99.9979967948718,1.694711538461533,0.0020032051282043994,0.013789358018319818,0.009686080715324305,0.31425620737075805,91.42,99.79,8.579999999999998,0.20999999999999375
95,37050,0.015522234867780637,0.0017752677966386844,0.05202226741478229,98.2451923076923,99.98798076923077,1.7548076923076934,0.012019230769226397,0.01382804520522492,0.009010837047914916,0.32149640436172483,91.43,99.82,8.569999999999993,0.18000000000000682
96,37440,0.01529864775828826,0.001607342866750864,0.0502964129169973,98.3573717948718,99.99399038461539,1.6426282051282044,0.006009615384613198,0.013699437998518159,0.009267399582681777,0.3161563402175903,91.39,99.81,8.61,0.18999999999999773
97,37830,0.014873543763772035,0.0015685894550421299,0.048664784546081835,98.36538461538461,100.0,1.6346153846153868,0.0,0.013668974743613714,0.009015608437453644,0.3264965721130371,91.11,99.79,8.89,0.20999999999999375
98,38220,0.015433446566263834,0.001701965698829064,0.046703157989451516,98.4354967948718,99.99399038461539,1.5645032051282044,0.006009615384613198,0.01355427428136898,0.009014657781093935,0.3298576886177063,91.35,99.84,8.650000000000006,0.1599999999999966
99,38610,0.015416474831409944,0.001471992639394907,0.04747999343686761,98.42548076923077,99.9979967948718,1.5745192307692264,0.0020032051282043994,0.013629231271864493,0.008094793633569646,0.33822805070877077,91.27,99.83,8.730000000000004,0.1700000000000017
100,39000,0.01574388711880415,0.0016677135076278294,0.04529778187712415,98.44951923076923,99.99599358974359,1.5504807692307736,0.004006410256408799,0.013992991628526132,0.009396024897128721,0.34056726198196413,91.29,99.79,8.709999999999994,0.20999999999999375
101,39390,0.015464568749452248,0.001708706219991048,0.04293140144541095,98.6358173076923,99.9979967948718,1.3641826923076934,0.0020032051282043994,0.013775762123397635,0.009482513500165336,0.3412441650390625,91.42,99.77,8.579999999999998,0.23000000000000398
102,39780,0.015472494638883151,0.0017340464469714043,0.04184374827772188,98.6338141025641,99.9979967948718,1.3661858974358978,0.0020032051282043994,0.013667655896536911,0.009057944334006007,0.34643299264907834,91.47,99.8,8.530000000000001,0.20000000000000284
103,40170,0.016004364307110126,0.001825257448049692,0.041462563498853106,98.66586538461539,99.99599358974359,1.3341346153846132,0.004006410256408799,0.01406981673421739,0.009529783755918092,0.34274733276367186,91.41,99.8,8.590000000000003,0.20000000000000284
104,40560,0.01597451674632537,0.0018249206053904997,0.0406921515838267,98.62379807692308,100.0,1.3762019230769198,0.0,0.013423596756367744,0.008644508410103714,0.3438357270240784,91.71,99.75,8.290000000000006,0.25
105,40950,0.016192999252906213,0.002121264506609012,0.0376997967202885,98.77003205128206,100.0,1.2299679487179418,0.0,0.01370109485674508,0.008763572837733016,0.35245774736404417,91.23,99.78,8.769999999999996,0.21999999999999886
106,41340,0.015558806443825747,0.001683498040223733,0.0385793122343528,98.75,100.0,1.25,0.0,0.013653145560735389,0.009260096127473855,0.3534017123222351,91.24,99.8,8.760000000000005,0.20000000000000284
107,41730,0.014885899959466396,0.0016742871357844427,0.038201197594977344,98.77003205128206,99.9979967948718,1.2299679487179418,0.0020032051282043994,0.014100811149500594,0.010105658181105988,0.3549636371612549,91.11,99.78,8.89,0.21999999999999886
108,42120,0.015532785195570725,0.0016120384900997846,0.035799366522293825,98.87620192307692,99.99399038461539,1.1237980769230802,0.006009615384613198,0.013893290411067915,0.009827278837372985,0.3606206681251526,91.4,99.76,8.599999999999994,0.23999999999999488
109,42510,0.015318090487749148,0.0016445031532874475,0.035149411420122935,98.84415064102564,100.0,1.1558493589743648,0.0,0.01375007931190201,0.009255400186852563,0.3595884636878967,91.29,99.78,8.709999999999994,0.21999999999999886
110,42900,0.015049296159010668,0.0015353129460261418,0.03477519944381829,98.83213141025641,99.9979967948718,1.1678685897435912,0.0020032051282043994,0.013960138151917276,0.008744131160687797,0.3673686177253723,91.21,99.74,8.790000000000006,0.2600000000000051
111,43290,0.015329565757360214,0.0016082525253295898,0.034170214431837966,98.91826923076923,100.0,1.0817307692307736,0.0,0.013912596280061746,0.009413329860832117,0.3612017177581787,91.43,99.7,8.569999999999993,0.29999999999999716
112,43680,0.015209040886316545,0.00162046628120618,0.033610933024483994,98.8701923076923,99.99599358974359,1.1298076923076934,0.004006410256408799,0.013567520093314255,0.00906821444064756,0.37076099443435667,91.3,99.78,8.700000000000003,0.21999999999999886
113,44070,0.015335550063695663,0.0016530269231551733,0.03242170689508128,98.91826923076923,99.9979967948718,1.0817307692307736,0.0020032051282043994,0.013745398461064207,0.009991175011743474,0.38369608306884767,91.45,99.75,8.549999999999997,0.25
114,44460,0.015410035084455442,0.0015233675638834634,0.03395212247657279,98.85616987179488,100.0,1.1438301282051242,0.0,0.01401751554464992,0.0099859750723537,0.3841639823913574,91.15,99.83,8.849999999999994,0.1700000000000017
115,44850,0.01523280755067483,0.001629791504297501,0.03149351059124829,98.99639423076923,99.9979967948718,1.0036057692307736,0.0020032051282043994,0.013859253895433642,0.008589192281795454,0.3789222288131714,91.34,99.82,8.659999999999997,0.18000000000000682
116,45240,0.015853458795792016,0.00163724300188896,0.031806498396998416,99.00040064102564,100.0,0.9995993589743648,0.0,0.013828241372410255,0.009036390087272547,0.3807251441001892,90.99,99.75,9.010000000000005,0.25
117,45630,0.01573951916816907,0.001714795063703488,0.030815443957152848,98.94030448717949,99.9979967948718,1.059695512820511,0.0020032051282043994,0.013966002041780496,0.008994458596917648,0.3794517301559448,91.06,99.77,8.939999999999998,0.23000000000000398
118,46020,0.015024520189334185,0.0016273920352642352,0.029822420694220524,99.01041666666667,100.0,0.9895833333333286,0.0,0.013708340970775749,0.00927963739709009,0.38515242071151734,91.14,99.74,8.86,0.2600000000000051
119,46410,0.01494615322504288,0.001579131224216559,0.02851352485565421,99.08453525641026,99.9979967948718,0.9154647435897374,0.0020032051282043994,0.01370749896085715,0.00876389274114295,0.3822136089324951,91.4,99.81,8.599999999999994,0.18999999999999773
120,46800,0.015242803402436085,0.0015384955283923028,0.02853538785010385,99.10657051282051,99.9979967948718,0.893429487179489,0.0020032051282043994,0.013921263851696931,0.008572877207888832,0.3772313247203827,91.4,99.75,8.599999999999994,0.25
121,47190,0.015482522891117977,0.001612091675782815,0.028699229504817573,99.0985576923077,100.0,0.9014423076923066,0.0,0.01380350921727434,0.008064825323563589,0.38730251331329346,91.28,99.74,8.719999999999999,0.2600000000000051
122,47580,0.014985097371614896,0.0016097398904653696,0.02866380339822708,99.10657051282051,100.0,0.893429487179489,0.0,0.013515919069700602,0.00874338270742682,0.38194324712753297,91.21,99.79,8.790000000000006,0.20999999999999375
123,47970,0.015475630148863181,0.0016128124334873297,0.025231911743788096,99.27684294871794,100.0,0.7231570512820582,0.0,0.013655083088935175,0.00938405869882318,0.3797614686012268,91.43,99.8,8.569999999999993,0.20000000000000284
124,48360,0.015115137589283479,0.0015622725853553184,0.022950511255886596,99.31490384615384,100.0,0.6850961538461604,0.0,0.013746925547153135,0.008819139456447167,0.37903052434921264,91.53,99.79,8.469999999999999,0.20999999999999375
125,48750,0.01575920031620906,0.0016299198835324018,0.02185287692834838,99.36899038461539,100.0,0.6310096153846132,0.0,0.0138100461114811,0.00894479811946048,0.37859073820114136,91.18,99.8,8.819999999999993,0.20000000000000284
126,49140,0.015507700504400791,0.0016405557974790916,0.02222603072400372,99.35496794871794,100.0,0.6450320512820582,0.0,0.013731760314748258,0.008899266206765477,0.38012404985427856,91.4,99.8,8.599999999999994,0.20000000000000284
127,49530,0.015447424008296086,0.0016042611537835537,0.021575151856105108,99.375,100.0,0.625,0.0,0.013846665998048421,0.009083732773986044,0.3801382131576538,91.39,99.78,8.61,0.21999999999999886
128,49920,0.01536711484957964,0.0014614557608579979,0.02151312957911824,99.35897435897436,100.0,0.6410256410256352,0.0,0.014032288442684126,0.008827825135822538,0.3808317335128784,91.41,99.81,8.590000000000003,0.18999999999999773
129,50310,0.0154646512789604,0.0016600859470856494,0.021977782626755725,99.35496794871794,100.0,0.6450320512820582,0.0,0.01424780374840845,0.008777938311613059,0.37897906560897826,91.33,99.79,8.670000000000002,0.20999999999999375
130,50700,0.015545501464452499,0.0016267947661571013,0.022264795382029544,99.35897435897436,100.0,0.6410256410256352,0.0,0.014433305474776255,0.009904722624187227,0.3810578474998474,91.5,99.79,8.5,0.20999999999999375
131,51090,0.015706286063561073,0.0016736379036536584,0.02116163955368579,99.37900641025641,100.0,0.6209935897435912,0.0,0.014500732663311536,0.009838161589224128,0.37850447797775266,91.48,99.79,8.519999999999996,0.20999999999999375
132,51480,0.015570309834602551,0.0015570934002216046,0.020646880684683146,99.38701923076923,100.0,0.6129807692307736,0.0,0.014567776571346235,0.009440772141082377,0.3791468803405762,91.52,99.81,8.480000000000004,0.18999999999999773
133,51870,0.016203007331261267,0.0017794113892775315,0.02062697455716821,99.39903846153847,100.0,0.600961538461533,0.0,0.015028627612922766,0.01043963130516342,0.3810030517578125,91.62,99.78,8.379999999999995,0.21999999999999886
134,52260,0.016143609315921098,0.0022110908459394406,0.021116702295600986,99.36097756410257,100.0,0.6390224358974308,0.0,0.013983581639543365,0.00882492789739295,0.38176050672531125,91.58,99.79,8.420000000000002,0.20999999999999375
135,52650,0.014891366469554412,0.0015876439901498648,0.021104471777410556,99.35697115384616,99.9979967948718,0.6430288461538396,0.0020032051282043994,0.01372520833075801,0.00852253769017473,0.3817372992515564,91.49,99.78,8.510000000000005,0.21999999999999886
136,53040,0.01587074414277688,0.0015952348709106444,0.020245433521146574,99.42908653846153,99.9979967948718,0.570913461538467,0.0020032051282043994,0.013726101645940467,0.009384279009662096,0.37854829654693606,91.56,99.79,8.439999999999998,0.20999999999999375
137,53430,0.015305384611472106,0.0015775558276054187,0.02063255980133246,99.39503205128206,100.0,0.6049679487179418,0.0,0.013872641551343701,0.008530882340443285,0.38379570398330687,91.36,99.76,8.64,0.23999999999999488
138,53820,0.015546651375599397,0.0015949395986703727,0.01951670387598614,99.44911858974359,100.0,0.5508814102564088,0.0,0.013728597496129289,0.009467315070236786,0.38133315143585206,91.5,99.76,8.5,0.23999999999999488
139,54210,0.015559765620109363,0.0016794926080948268,0.019784138925397435,99.43309294871794,100.0,0.5669070512820582,0.0,0.014026448696474486,0.0093163930917088,0.37996671380996705,91.5,99.78,8.5,0.21999999999999886
140,54600,0.015270541264460638,0.0016435635395539113,0.018765608709639846,99.53725961538461,100.0,0.4627403846153868,0.0,0.013942670218552215,0.009416857852211481,0.38436607513427734,91.46,99.75,8.540000000000006,0.25
141,54990,0.016092574290740184,0.0015373963576096755,0.019771090121521877,99.43108974358974,100.0,0.5689102564102626,0.0,0.013909702059588854,0.00915888894962359,0.3844026540756226,91.49,99.77,8.510000000000005,0.23000000000000398
142,55380,0.015262402632297613,0.0016081797770964793,0.019329223617051656,99.43910256410257,99.9979967948718,0.5608974358974308,0.0020032051282043994,0.014173284361634073,0.009480639349056196,0.38181775217056274,91.47,99.79,8.530000000000001,0.20999999999999375
143,55770,0.015558966000874837,0.0014982987672854692,0.02021075039027402,99.42708333333333,100.0,0.5729166666666714,0.0,0.013876694667188428,0.009257621402981916,0.3840779034614563,91.49,99.78,8.510000000000005,0.21999999999999886
144,56160,0.015410367036477114,0.0016678369962252104,0.01852489621169531,99.50120192307692,100.0,0.4987980769230802,0.0,0.01391058632090122,0.008276037023037294,0.3844698794364929,91.41,99.82,8.590000000000003,0.18000000000000682
145,56550,0.014826221343798515,0.0015541724669627655,0.019925056077325,99.4110576923077,100.0,0.5889423076923066,0.0,0.013701508316812636,0.009141644345054144,0.3802700563430786,91.45,99.79,8.549999999999997,0.20999999999999375
146,56940,0.015063062080970177,0.0015979259442060422,0.018817892661676383,99.4511217948718,100.0,0.5488782051282044,0.0,0.014021194433864159,0.009767698336251174,0.38180471658706666,91.47,99.8,8.530000000000001,0.20000000000000284
147,57330,0.01585981906988682,0.0016130679692977514,0.018537460475300367,99.47716346153847,99.9979967948718,0.522836538461533,0.0020032051282043994,0.014032375963428352,0.008989134921303278,0.386222674369812,91.37,99.8,8.629999999999995,0.20000000000000284
148,57720,0.014905168459965633,0.001611176515236879,0.019222010601646244,99.4551282051282,100.0,0.5448717948717956,0.0,0.013831941387321375,0.009996486615531052,0.38766241254806516,91.35,99.79,8.650000000000006,0.20999999999999375
149,58110,0.015766830322069998,0.0016058279917790339,0.018340567314328673,99.4911858974359,100.0,0.5088141025641022,0.0,0.013915568967408773,0.009134636649602576,0.3871434087753296,91.47,99.79,8.530000000000001,0.20999999999999375
150,58500,0.015192091159331492,0.001631763042547764,0.019079878426288277,99.43309294871794,100.0,0.5669070512820582,0.0,0.013798300224014475,0.008892901336090475,0.3860374416351318,91.43,99.8,8.569999999999993,0.20000000000000284
151,58890,0.015354386354104067,0.001703803967206906,0.018634052813435213,99.48517628205128,100.0,0.5148237179487154,0.0,0.013783946821961221,0.009408950805664062,0.38801987209320066,91.52,99.78,8.480000000000004,0.21999999999999886
152,59280,0.01518076872214293,0.0015834722763452774,0.018044415555106334,99.46714743589743,100.0,0.5328525641025692,0.0,0.013755037814755983,0.00906282135202915,0.3851960159301758,91.49,99.79,8.510000000000005,0.20999999999999375
153,59670,0.015201702484717736,0.0016144232872204903,0.01872314024531545,99.48116987179488,100.0,0.5188301282051242,0.0,0.01383468772791609,0.008492125740534142,0.3875822815895081,91.45,99.79,8.549999999999997,0.20999999999999375
154,60060,0.015386716524759928,0.001605844497680664,0.018494092776941567,99.51121794871794,100.0,0.4887820512820582,0.0,0.013711265370815615,0.009620343582539619,0.3840863862991333,91.48,99.79,8.519999999999996,0.20999999999999375
155,60450,0.015283334560883351,0.00172422849214994,0.01854727369052573,99.49919871794872,100.0,0.5008012820512846,0.0,0.013943355294722544,0.008896139603626878,0.389157262134552,91.46,99.78,8.540000000000006,0.21999999999999886
156,60840,0.01585413125845102,0.001629004722986466,0.01836678754681578,99.4911858974359,100.0,0.5088141025641022,0.0,0.013743738584880587,0.008692288700538345,0.38872732343673705,91.44,99.77,8.560000000000002,0.23000000000000398
157,61230,0.015436640763894106,0.0017615789022201148,0.018773145307428563,99.47115384615384,100.0,0.5288461538461604,0.0,0.013835442217090462,0.008984532537339609,0.3860904873847961,91.37,99.77,8.629999999999995,0.23000000000000398
158,61620,0.015637875825930864,0.0016675001535660181,0.01784722099546343,99.50320512820512,100.0,0.4967948717948758,0.0,0.013855469377734993,0.00938453855393808,0.3884376061439514,91.4,99.8,8.599999999999994,0.20000000000000284
159,62010,0.01529521025144137,0.0016680093911977914,0.018287460003883985,99.44511217948718,100.0,0.5548878205128176,0.0,0.014953006671953805,0.010562860513035255,0.3916992590904236,91.43,99.78,8.569999999999993,0.21999999999999886
160,62400,0.015966029656239045,0.0020916951008332083,0.017857193420282923,99.50721153846153,100.0,0.492788461538467,0.0,0.01610501506660558,0.011690366117260124,0.3901250862121582,91.28,99.77,8.719999999999999,0.23000000000000398
161,62790,0.0162783451569386,0.002063903441795936,0.01920243960697777,99.44711538461539,99.9979967948718,0.5528846153846132,0.0020032051282043994,0.01607025424136391,0.010948102685469615,0.3895642363548279,91.35,99.77,8.650000000000006,0.23000000000000398
162,63180,0.015747684698838454,0.0017104038825401892,0.018201079076896304,99.48717948717949,100.0,0.512820512820511,0.0,0.014234370823147931,0.01007142549828638,0.39062672967910766,91.37,99.76,8.629999999999995,0.23999999999999488
163,63570,0.015414162171192658,0.0016041957415067233,0.018497230621198048,99.47115384615384,100.0,0.5288461538461604,0.0,0.014211561106428315,0.008178955391992497,0.3902706153869629,91.39,99.77,8.61,0.23000000000000398
164,63960,0.015719191233317057,0.0016449830470941006,0.017808877782991683,99.50721153846153,99.9979967948718,0.492788461538467,0.0020032051282043994,0.013896586019781571,0.009156761290151862,0.3899243364334106,91.47,99.77,8.530000000000001,0.23000000000000398
165,64350,0.015768818977551582,0.0017085539988982372,0.017296582455030428,99.48317307692308,100.0,0.5168269230769198,0.0,0.014433978479119796,0.010509143901776664,0.39211341857910154,91.51,99.78,8.489999999999995,0.21999999999999886
166,64740,0.015621821085611979,0.0016196935604780149,0.017636928216625866,99.50520833333333,99.9979967948718,0.4947916666666714,0.0020032051282043994,0.015234618247309817,0.010539003565341612,0.3870270227432251,91.54,99.78,8.459999999999994,0.21999999999999886
167,65130,0.015422615638146033,0.0017321128111619215,0.016596739414112213,99.55328525641026,100.0,0.4467147435897374,0.0,0.014542658117753042,0.009511639800252793,0.392178520488739,91.4,99.79,8.599999999999994,0.20999999999999375
168,65520,0.015659298652257674,0.0016899481797829654,0.018079472169017372,99.4931891025641,100.0,0.5068108974358978,0.0,0.014514763143998159,0.010401665409909019,0.3925609014987946,91.37,99.79,8.629999999999995,0.20999999999999375
169,65910,0.015370710690816244,0.0016850612102410733,0.01775391513410096,99.52524038461539,100.0,0.4747596153846132,0.0,0.013513981541500816,0.008936438379408438,0.3884961476325989,91.39,99.79,8.61,0.20999999999999375
170,66300,0.014823129849556164,0.0016043895330184546,0.017567284635972614,99.52724358974359,100.0,0.4727564102564088,0.0,0.013807076442090772,0.00939054730572278,0.3846862587928772,91.51,99.77,8.489999999999995,0.23000000000000398
171,66690,0.015421474896944487,0.0016811132431030274,0.01720927715874635,99.51522435897436,100.0,0.4847756410256352,0.0,0.013880835303777381,0.009250447719911986,0.39118263177871704,91.46,99.77,8.540000000000006,0.23000000000000398
172,67080,0.015522515468108348,0.0015848740553244566,0.018567667201830028,99.47115384615384,99.9979967948718,0.5288461538461604,0.0020032051282043994,0.013900844356681727,0.008928799931007095,0.3894048369407654,91.45,99.77,8.549999999999997,0.23000000000000398
173,67470,0.015081473497244029,0.001582657985198192,0.01839263615055153,99.44911858974359,100.0,0.5508814102564088,0.0,0.013738716704935967,0.010132107553602774,0.3922139681816101,91.47,99.8,8.530000000000001,0.20000000000000284
174,67860,0.015414073528387608,0.0016142722887870593,0.01726793659110673,99.49919871794872,100.0,0.5008012820512846,0.0,0.013764764689191987,0.00835297379312636,0.39170212097167967,91.44,99.77,8.560000000000002,0.23000000000000398
175,68250,0.015059626408112354,0.0014581906489836865,0.017273093950457105,99.52724358974359,99.9979967948718,0.4727564102564088,0.0020032051282043994,0.013798988318141503,0.008450598656376707,0.3904566520690918,91.42,99.77,8.579999999999998,0.23000000000000398
176,68640,0.015371601398174579,0.0016553475306584284,0.01719339155377104,99.54527243589743,100.0,0.4547275641025692,0.0,0.013908718205705474,0.008690846117236946,0.39081923570632937,91.5,99.75,8.5,0.25
177,69030,0.01513372445717836,0.001516106801155286,0.016988841398881797,99.51722756410257,100.0,0.4827724358974308,0.0,0.013819459118420564,0.008661064920546134,0.39157482566833496,91.5,99.76,8.5,0.23999999999999488
178,69420,0.015415337758186536,0.001668704473055326,0.01711718928701698,99.51722756410257,100.0,0.4827724358974308,0.0,0.013633160651484622,0.008576519881622701,0.3910009569168091,91.38,99.79,8.620000000000005,0.20999999999999375
179,69810,0.01497946335719182,0.0016124370770576673,0.017027423800064775,99.5693108974359,100.0,0.4306891025641022,0.0,0.013770094400719751,0.009177850771553909,0.38881178398132327,91.48,99.76,8.519999999999996,0.23999999999999488
180,70200,0.015445810097914476,0.0016425102184980344,0.01740773075666183,99.52724358974359,100.0,0.4727564102564088,0.0,0.013735037815721728,0.009087369411806517,0.39073597612380984,91.48,99.8,8.519999999999996,0.20000000000000284
181,70590,0.015262880692115196,0.0015907960060315255,0.01694752412657134,99.54527243589743,100.0,0.4547275641025692,0.0,0.013932876949068865,0.009455424320848681,0.38984295148849485,91.47,99.77,8.530000000000001,0.23000000000000398
182,70980,0.01529397536546756,0.0015962564028226412,0.01701024439281378,99.53926282051282,100.0,0.4607371794871824,0.0,0.014059721669064293,0.009957416148125372,0.3929209386825562,91.44,99.77,8.560000000000002,0.23000000000000398
183,71370,0.01556252088302221,0.0015943270463209885,0.01721817304630979,99.55729166666667,100.0,0.4427083333333286,0.0,0.013926041277149056,0.00835948654367954,0.3905855491638184,91.35,99.79,8.650000000000006,0.20999999999999375
184,71760,0.01573206461392916,0.0015090202673887596,0.016278455385532326,99.56129807692308,100.0,0.4387019230769198,0.0,0.01372306859945949,0.00976244105568415,0.393834007358551,91.4,99.77,8.599999999999994,0.23000000000000398
185,72150,0.01548155637887808,0.0015554635952680538,0.018444939902744806,99.47916666666667,100.0,0.5208333333333286,0.0,0.013916109181657622,0.008929792838760569,0.39088195514678953,91.39,99.78,8.61,0.21999999999999886
186,72540,0.015361336561349722,0.0015908222932081956,0.016880871295236435,99.59334935897436,100.0,0.4066506410256352,0.0,0.013838955118686339,0.009371899351289001,0.3905655721664429,91.48,99.77,8.519999999999996,0.23000000000000398
187,72930,0.015526673121330065,0.001569521121489696,0.017584790970580893,99.53125,99.9979967948718,0.46875,0.0020032051282043994,0.014337328415882738,0.008945504321327692,0.3910041039466858,91.44,99.78,8.560000000000002,0.21999999999999886
188,73320,0.015880098098363632,0.0016475322919014173,0.017834059164548912,99.49919871794872,99.9979967948718,0.5008012820512846,0.0020032051282043994,0.014669723148587385,0.011139178577857681,0.39309966249465944,91.34,99.77,8.659999999999997,0.23000000000000398
189,73710,0.014847215628012632,0.001474157357827211,0.017266455410609546,99.50520833333333,100.0,0.4947916666666714,0.0,0.013844806936722768,0.008258406120010569,0.3910393564224243,91.51,99.77,8.489999999999995,0.23000000000000398
190,74100,0.014889963467915853,0.0016264548668494592,0.01770322577198012,99.4891826923077,100.0,0.5108173076923066,0.0,0.013797630237627633,0.007635922371586667,0.39301204776763915,91.42,99.79,8.579999999999998,0.20999999999999375
191,74490,0.01563739287547576,0.0015414127936730017,0.016745794990744727,99.55929487179488,100.0,0.4407051282051242,0.0,0.013908331907248194,0.009601484371137016,0.38834774208068845,91.47,99.76,8.530000000000001,0.23999999999999488
192,74880,0.015568253321525378,0.001585852794158153,0.018157543800771236,99.50320512820512,100.0,0.4967948717948758,0.0,0.013939453076712693,0.009294998796680306,0.3875940733909607,91.39,99.77,8.61,0.23000000000000398
193,75270,0.015114033527863332,0.0015900006661048302,0.016928609310147853,99.53125,100.0,0.46875,0.0,0.013848962663095208,0.00949979733817185,0.3855873297691345,91.56,99.77,8.439999999999998,0.23000000000000398
194,75660,0.015365169598506047,0.0016202217493301782,0.01795067422880003,99.50921474358974,100.0,0.4907852564102626,0.0,0.01385045051574707,0.009224858465073984,0.3869967247009277,91.49,99.77,8.510000000000005,0.23000000000000398
195,76050,0.015512577081337953,0.0016671027892675154,0.01729827896715739,99.4911858974359,100.0,0.5088141025641022,0.0,0.01369911205919483,0.009433698050583465,0.38955670204162596,91.47,99.75,8.530000000000001,0.25
196,76440,0.015371981645241763,0.0016194612551958133,0.01716151453035239,99.52724358974359,100.0,0.4727564102564088,0.0,0.013637503491172308,0.009172901322570029,0.38871511402130127,91.53,99.75,8.469999999999999,0.25
197,76830,0.015420180100661058,0.0015726865866245367,0.016794628689352137,99.54326923076923,100.0,0.4567307692307736,0.0,0.013912080209466476,0.010022311270991457,0.390388969707489,91.49,99.75,8.510000000000005,0.25
198,77220,0.01571053052559877,0.001610251573415903,0.016773897216010553,99.5673076923077,100.0,0.4326923076923066,0.0,0.014012406143961074,0.009376866908013067,0.3946160991668701,91.4,99.77,8.599999999999994,0.23000000000000398
199,77610,0.01550123263628055,0.0016639275428576347,0.01686191357170733,99.55729166666667,100.0,0.4427083333333286,0.0,0.013585709318330016,0.009086756766596926,0.3888133863449097,91.29,99.79,8.709999999999994,0.20999999999999375
200,78000,0.015406667269193208,0.0015654282692151192,0.017822101514917824,99.4891826923077,99.99599358974359,0.5108173076923066,0.004006410256408799,0.01380801502662369,0.009075982661186895,0.39272579164505006,91.4,99.78,8.599999999999994,0.21999999999999886
201,78390,0.01563104788462321,0.0019975900650024414,0.01726265640821881,99.53125,100.0,0.46875,0.0,0.013810468625418747,0.009347628943527801,0.39288158979415894,91.47,99.76,8.530000000000001,0.23999999999999488
202,78780,0.015330767020201072,0.0016445557276407877,0.017495221999258948,99.48116987179488,100.0,0.5188301282051242,0.0,0.013672010808051386,0.008749874332283117,0.38777899026870727,91.55,99.79,8.450000000000003,0.20999999999999375
203,79170,0.015466075065808419,0.001555475210532164,0.01788598652690267,99.48717948717949,100.0,0.512820512820511,0.0,0.013673848743680158,0.009464526478248306,0.38853306217193606,91.41,99.79,8.590000000000003,0.20999999999999375
204,79560,0.015081691741943359,0.0015846484746688452,0.01680773213529625,99.52323717948718,99.9979967948718,0.4767628205128176,0.0020032051282043994,0.013558822342112094,0.009165072742896744,0.390172234249115,91.37,99.8,8.629999999999995,0.20000000000000284
205,79950,0.015140498601473295,0.0015691720522367036,0.01723824257437044,99.51121794871794,100.0,0.4887820512820582,0.0,0.013893396039552327,0.010110649881483634,0.38801290493011475,91.48,99.77,8.519999999999996,0.23000000000000398
206,80340,0.014989107083051633,0.0016045374748034356,0.016910626287333284,99.5332532051282,100.0,0.4667467948717956,0.0,0.013868066328990309,0.00961167902886113,0.38922455682754514,91.47,99.79,8.530000000000001,0.20999999999999375
207,80730,0.015026139601683005,0.0015469905657645984,0.017335675405457808,99.50921474358974,100.0,0.4907852564102626,0.0,0.014040243776538704,0.00966591472867169,0.389782887172699,91.45,99.76,8.549999999999997,0.23999999999999488
208,81120,0.014947289075606909,0.0015238340084369366,0.017577868748981602,99.54727564102564,100.0,0.4527243589743648,0.0,0.013682609871972966,0.00922035869163803,0.39289760055541995,91.49,99.76,8.510000000000005,0.23999999999999488
209,81510,0.015530826495243953,0.0015782392941988432,0.01681521715154537,99.52123397435898,100.0,0.478766025641022,0.0,0.01384497292434113,0.009515397156341166,0.39235004329681394,91.42,99.79,8.579999999999998,0.20999999999999375
210,81900,0.015612935408567771,0.0016078086999746469,0.01805137357173058,99.45913461538461,100.0,0.5408653846153868,0.0,0.013768265518961074,0.009425830237473114,0.3917152081489563,91.43,99.78,8.569999999999993,0.21999999999999886
211,82290,0.015589058093535594,0.001630394886701535,0.017423329920245288,99.5332532051282,100.0,0.4667467948717956,0.0,0.01403872272636317,0.008225634128232545,0.3908583302497864,91.48,99.79,8.519999999999996,0.20999999999999375
212,82680,0.015294811053153796,0.0017380812229254308,0.016753822077029887,99.57732371794872,100.0,0.4226762820512846,0.0,0.013673214972773684,0.009415569184701654,0.38948115663528443,91.54,99.78,8.459999999999994,0.21999999999999886
213,83070,0.015190556721809583,0.0016106214278783554,0.017514742403410565,99.51722756410257,100.0,0.4827724358974308,0.0,0.01362293883215023,0.008903050724464127,0.3866869595527649,91.5,99.8,8.5,0.20000000000000284
214,83460,0.01470356721144456,0.0016357764219626402,0.017097983019163786,99.50721153846153,100.0,0.492788461538467,0.0,0.013848159886613677,0.009551153907293006,0.3946914901733398,91.44,99.76,8.560000000000002,0.23999999999999488
215,83850,0.01547410916059445,0.0015543234653961964,0.017028789142242227,99.53125,100.0,0.46875,0.0,0.014033350763441641,0.008634190016155001,0.38817839860916137,91.46,99.78,8.540000000000006,0.21999999999999886
216,84240,0.015021110192323342,0.0016022040293766902,0.016701258272410202,99.5673076923077,100.0,0.4326923076923066,0.0,0.013787628729132157,0.008882604067838645,0.38712989015579224,91.45,99.77,8.549999999999997,0.23000000000000398
217,84630,0.015418339998294145,0.0017317771911621095,0.017080800928987373,99.52323717948718,100.0,0.4767628205128176,0.0,0.013759238810478887,0.008597141579736638,0.3897035051345825,91.42,99.75,8.579999999999998,0.25
218,85020,0.015252343202248598,0.0014712627117450421,0.016819182637099844,99.5292467948718,99.9979967948718,0.4707532051282044,0.0020032051282043994,0.013896761061270026,0.009178128423570077,0.3904192276000977,91.43,99.74,8.569999999999993,0.2600000000000051
219,85410,0.015393270590366461,0.0015894828698573968,0.01675648023225128,99.54727564102564,100.0,0.4527243589743648,0.0,0.014020832279060461,0.00865252712104894,0.3931221333503723,91.37,99.74,8.629999999999995,0.2600000000000051
220,85800,0.01522217347071721,0.0014964672235342172,0.01629382924725994,99.58133012820512,100.0,0.4186698717948758,0.0,0.013947761511500878,0.009476012821438947,0.39141820602416993,91.35,99.78,8.650000000000006,0.21999999999999886
221,86190,0.015051764096969213,0.001616056760152181,0.016726620039807107,99.52724358974359,100.0,0.4727564102564088,0.0,0.0138784088665926,0.009749204297608968,0.3918523782730102,91.51,99.72,8.489999999999995,0.28000000000000114
222,86580,0.015612346086746607,0.0016400789603208885,0.018343189930638822,99.47916666666667,100.0,0.5208333333333286,0.0,0.013831476621989962,0.009129910529414309,0.38676720123291014,91.39,99.77,8.61,0.23000000000000398
223,86970,0.015229181142953727,0.0015809218088785808,0.016424157162710357,99.56129807692308,100.0,0.4387019230769198,0.0,0.013778164416928834,0.009838982473445845,0.38972534980773926,91.45,99.76,8.549999999999997,0.23999999999999488
224,87360,0.015207532735971304,0.0015380413104326297,0.01655034804657006,99.53926282051282,100.0,0.4607371794871824,0.0,0.013670366021651255,0.009304206582564341,0.3901865937232971,91.46,99.76,8.540000000000006,0.23999999999999488
225,87750,0.015487080353956956,0.0014950238741361177,0.017598909492461155,99.4891826923077,100.0,0.5108173076923066,0.0,0.013708235342291337,0.009345066698291634,0.3913958706855774,91.53,99.77,8.469999999999999,0.23000000000000398
226,88140,0.015445761191539275,0.0016296716836782601,0.016817436309662672,99.53125,100.0,0.46875,0.0,0.014117913910105258,0.009774138655843614,0.38989051694869997,91.5,99.78,8.5,0.21999999999999886
227,88530,0.01587036756368784,0.001872087747622759,0.016042535321022837,99.59334935897436,100.0,0.4066506410256352,0.0,0.013902896567236018,0.009950891325745401,0.3886440948486328,91.47,99.8,8.530000000000001,0.20000000000000284
228,88920,0.015596405665079752,0.0016526112189659706,0.01560891523766212,99.6113782051282,100.0,0.3886217948717956,0.0,0.013900765889807593,0.009728926646558545,0.39275673236846925,91.37,99.8,8.629999999999995,0.20000000000000284
229,89310,0.015958337906079416,0.0019202892596905047,0.017204280731936868,99.53725961538461,100.0,0.4627403846153868,0.0,0.015576078921933717,0.01157203807106501,0.392182315826416,91.43,99.78,8.569999999999993,0.21999999999999886
230,89700,0.015464978340344552,0.0021515387755173905,0.016595428394010434,99.52724358974359,99.9979967948718,0.4727564102564088,0.0020032051282043994,0.013710281516932234,0.009124701536154444,0.3879916356086731,91.48,99.79,8.519999999999996,0.20999999999999375
231,90090,0.01531837353339562,0.001494435163644644,0.017215166900020378,99.52724358974359,99.9979967948718,0.4727564102564088,0.0020032051282043994,0.013937038711354703,0.00929084910622126,0.39372520599365235,91.49,99.77,8.510000000000005,0.23000000000000398
232,90480,0.015008058914771447,0.0015789239834516477,0.017330255704478194,99.50721153846153,100.0,0.492788461538467,0.0,0.013832602319838126,0.009607589697536034,0.3902129467964172,91.48,99.77,8.519999999999996,0.23000000000000398
233,90870,0.015255218897110377,0.0016134035892975637,0.0166238120267502,99.54527243589743,100.0,0.4547275641025692,0.0,0.013659613041938105,0.0088689598856093,0.3913701299667358,91.41,99.77,8.590000000000003,0.23000000000000398
234,91260,0.0149795868457892,0.00170285457219833,0.01806946776043146,99.51121794871794,100.0,0.4887820512820582,0.0,0.014117093025883543,0.008911793745016749,0.39297142572402954,91.52,99.78,8.480000000000004,0.21999999999999886
235,91650,0.015534793413602388,0.001544676071558243,0.016188086791095346,99.53125,100.0,0.46875,0.0,0.013769756389569633,0.00849688807620278,0.3878777678489685,91.53,99.79,8.469999999999999,0.20999999999999375
236,92040,0.01564329709762182,0.0015068824474628155,0.01661155072446817,99.55128205128206,100.0,0.4487179487179418,0.0,0.013812605338760569,0.008971513072146645,0.3908357301712036,91.4,99.79,8.599999999999994,0.20999999999999375
237,92430,0.015138635879907852,0.0016833024147229318,0.016338080551343948,99.57932692307692,100.0,0.4206730769230802,0.0,0.013897343526912641,0.009462917907328545,0.3908066054344177,91.44,99.74,8.560000000000002,0.2600000000000051
238,92820,0.01519934886541122,0.001652858807490422,0.01625439403160738,99.58133012820512,100.0,0.4186698717948758,0.0,0.013781580743910391,0.008788332154479208,0.391815017414093,91.43,99.77,8.569999999999993,0.23000000000000398
239,93210,0.015248410518352802,0.0016589598777966622,0.01626258347875988,99.5332532051282,100.0,0.4667467948717956,0.0,0.01363638382923754,0.009652511982978144,0.38784353952407835,91.46,99.76,8.540000000000006,0.23999999999999488
240,93600,0.015176659975296412,0.0015624089118761893,0.017395450075109228,99.50721153846153,100.0,0.492788461538467,0.0,0.013883201381828211,0.009635056121439873,0.3879912617683411,91.45,99.75,8.549999999999997,0.25
241,93990,0.015625388194353152,0.0016597680556468474,0.016922686419163186,99.55128205128206,100.0,0.4487179487179418,0.0,0.013990562173384654,0.009178068064436128,0.3894660966873169,91.41,99.77,8.590000000000003,0.23000000000000398
242,94380,0.015421294554685935,0.0016184684557792469,0.016269046701013277,99.5713141025641,100.0,0.4286858974358978,0.0,0.013867185085634642,0.009564435934718651,0.39227774019241335,91.43,99.81,8.569999999999993,0.18999999999999773
243,94770,0.015546948481828738,0.0016351424730741062,0.016524138409071243,99.58333333333333,100.0,0.4166666666666714,0.0,0.013913136494310595,0.009821049774749369,0.39093953132629394,91.41,99.78,8.590000000000003,0.21999999999999886
244,95160,0.015406414178701547,0.0016019325989943285,0.016935566335749358,99.48717948717949,100.0,0.512820512820511,0.0,0.013891609409187414,0.008460796332057518,0.3923069277763367,91.49,99.77,8.510000000000005,0.23000000000000398
245,95550,0.015412438832796537,0.0015643755594889322,0.017202761477360932,99.54927884615384,100.0,0.4507211538461604,0.0,0.013618722746643839,0.009627831133106087,0.3894665022850037,91.35,99.78,8.650000000000006,0.21999999999999886
246,95940,0.01566762496263553,0.001564931258177146,0.016986162924410728,99.52724358974359,100.0,0.4727564102564088,0.0,0.013718979268134394,0.009246464017071302,0.3883177872657776,91.5,99.78,8.5,0.21999999999999886
247,96330,0.01565095705863757,0.0016352256139119466,0.016594635571639697,99.54927884615384,100.0,0.4507211538461604,0.0,0.013890006874181047,0.008918804458425016,0.3928742697715759,91.44,99.75,8.560000000000002,0.25
248,96720,0.015480656501574394,0.0015834319285857371,0.017314414468068536,99.53125,100.0,0.46875,0.0,0.014056094085113912,0.009625893604906299,0.39051990232467654,91.42,99.74,8.579999999999998,0.2600000000000051
249,97110,0.015249150227277707,0.0015359896879929764,0.016070580104879367,99.54727564102564,100.0,0.4527243589743648,0.0,0.013698940035663073,0.008696278439292425,0.39136128120422364,91.52,99.78,8.480000000000004,0.21999999999999886
250,97500,0.015261107224684494,0.0015366340294862405,0.016809461950264774,99.56129807692308,100.0,0.4387019230769198,0.0,0.013858937009980407,0.008975931360751768,0.3950094705581665,91.35,99.79,8.650000000000006,0.20999999999999375
251,97890,0.01503594166193253,0.0017243837698912008,0.016609415717614002,99.55328525641026,100.0,0.4467147435897374,0.0,0.013905220393893084,0.009522978263565256,0.39214185695648196,91.43,99.79,8.569999999999993,0.20999999999999375
252,98280,0.015529650296920385,0.001591025254665277,0.016433302216673603,99.56129807692308,100.0,0.4387019230769198,0.0,0.014207142817823194,0.010219395915164223,0.3895883297920227,91.49,99.77,8.510000000000005,0.23000000000000398
253,98670,0.015444403428297776,0.0015881947982005584,0.017519854637794197,99.47516025641026,100.0,0.5248397435897374,0.0,0.013780470135845716,0.010107580619522287,0.39022538404464724,91.4,99.79,8.599999999999994,0.20999999999999375
254,99060,0.015191214512556027,0.0016835762904240535,0.01709974460894815,99.53125,99.99599358974359,0.46875,0.004006410256408799,0.013565006135385247,0.008170840106432951,0.39579018354415896,91.3,99.78,8.700000000000003,0.21999999999999886
255,99450,0.015199093940930488,0.0015443306702833909,0.017028243118264258,99.52123397435898,100.0,0.478766025641022,0.0,0.013877802257296405,0.008875997760627844,0.3952702729225159,91.39,99.75,8.61,0.25
256,99840,0.015402769431089744,0.001670096470759465,0.017123367415609745,99.52123397435898,100.0,0.478766025641022,0.0,0.013933779318121415,0.010137754150583773,0.3937573843955994,91.43,99.79,8.569999999999993,0.20999999999999375
257,100230,0.015116472121996757,0.001593337914882562,0.017095058581803758,99.52724358974359,100.0,0.4727564102564088,0.0,0.01384349412555936,0.008437455454959145,0.39497162618637083,91.38,99.76,8.620000000000005,0.23999999999999488
258,100620,0.015553025710277068,0.0018693581605568911,0.017177697448119617,99.53926282051282,100.0,0.4607371794871824,0.0,0.015632372868211963,0.01102076301091834,0.3910411683082581,91.42,99.74,8.579999999999998,0.2600000000000051
259,101010,0.015463494643186911,0.001995754241943359,0.016500930796759444,99.5733173076923,100.0,0.4266826923076934,0.0,0.01584887202781967,0.011649895317946808,0.39050636491775514,91.47,99.79,8.530000000000001,0.20999999999999375
260,101400,0.015298602519891201,0.0016796533878032979,0.016893453219642814,99.5332532051282,100.0,0.4667467948717956,0.0,0.013687034196491484,0.009384773954560485,0.3896397271156311,91.42,99.79,8.579999999999998,0.20999999999999375
261,101790,0.015105888782403407,0.0015601781698373648,0.016781604405826864,99.53125,100.0,0.46875,0.0,0.013630957543095457,0.008856688873677314,0.39258720407485964,91.4,99.79,8.599999999999994,0.20999999999999375
262,102180,0.015357284668164375,0.0015979290008544921,0.01725468176464813,99.49919871794872,100.0,0.5008012820512846,0.0,0.013794416113744807,0.009411072429222397,0.3924961567878723,91.37,99.79,8.629999999999995,0.20999999999999375
263,102570,0.015234533334389712,0.0015140123856373323,0.01735004452594484,99.55128205128206,100.0,0.4487179487179418,0.0,0.013447245465049261,0.009023986285245872,0.3895229733467102,91.45,99.79,8.549999999999997,0.20999999999999375
264,102960,0.015491088842734313,0.001575466914054675,0.016225212610637148,99.57732371794872,100.0,0.4226762820512846,0.0,0.014004649995248529,0.009224924860121329,0.39349594287872314,91.31,99.76,8.689999999999998,0.23999999999999488
265,103350,0.015450741694523738,0.0015294557962662134,0.01666614662629003,99.58333333333333,100.0,0.4166666666666714,0.0,0.014019036594825455,0.009373085408271113,0.38932963285446165,91.48,99.8,8.519999999999996,0.20000000000000284
266,103740,0.015386743423266288,0.0015605822587624575,0.016748615501758952,99.54126602564102,100.0,0.458733974358978,0.0,0.013851742201213595,0.00805589518969572,0.39322783498764036,91.43,99.77,8.569999999999993,0.23000000000000398
267,104130,0.015319370000790327,0.0016815118300609099,0.01654653179859265,99.54927884615384,99.9979967948718,0.4507211538461604,0.0020032051282043994,0.013952068135708193,0.009392065337941617,0.3924313290596008,91.41,99.8,8.590000000000003,0.20000000000000284
268,104520,0.015911579132080078,0.0017207121237730369,0.01703614228619979,99.51722756410257,100.0,0.4827724358974308,0.0,0.013639229762403272,0.009668956829022758,0.3931222858428955,91.49,99.8,8.510000000000005,0.20000000000000284
269,104910,0.014959472876328688,0.0015571484198937048,0.017111036639051655,99.52724358974359,100.0,0.4727564102564088,0.0,0.013571938381919378,0.00824327710308606,0.3908554370880127,91.45,99.8,8.549999999999997,0.20000000000000284
270,105300,0.015294523728199495,0.0016587300178332205,0.016882847944417825,99.54126602564102,100.0,0.458733974358978,0.0,0.013944966883599004,0.009756227082844023,0.3917331587791443,91.37,99.77,8.629999999999995,0.23000000000000398
271,105690,0.015180275990412785,0.001579115940974309,0.016006672725033682,99.58533653846153,100.0,0.414663461538467,0.0,0.013889050181907944,0.00841561752029612,0.38714969654083253,91.43,99.8,8.569999999999993,0.20000000000000284
272,106080,0.015093445166563376,0.0016189104471451196,0.015549049564064122,99.57932692307692,100.0,0.4206730769230802,0.0,0.01371543920492824,0.009472717212725289,0.39100583820343016,91.49,99.77,8.510000000000005,0.23000000000000398
273,106470,0.015153880608387483,0.0015656514045519706,0.015894854896797393,99.58133012820512,100.0,0.4186698717948758,0.0,0.014288362068465994,0.009125280983840363,0.39196714906692504,91.4,99.79,8.599999999999994,0.20999999999999375
274,106860,0.015359072196177947,0.001631003159743089,0.017278700384000936,99.51121794871794,100.0,0.4887820512820582,0.0,0.014020584806611266,0.009288908560064774,0.39223002309799193,91.5,99.78,8.5,0.21999999999999886
275,107250,0.014805939870002942,0.0015610963870317507,0.01662839692659103,99.55528846153847,100.0,0.444711538461533,0.0,0.01389504987982255,0.009149931654145446,0.39538465948104856,91.46,99.74,8.540000000000006,0.2600000000000051
276,107640,0.015489979890676644,0.0016071484639094426,0.0165933944672967,99.55128205128206,100.0,0.4487179487179418,0.0,0.013759957084172889,0.008977745152726958,0.38869435300827027,91.51,99.77,8.489999999999995,0.23000000000000398
277,108030,0.015385959698603704,0.0015070725709964068,0.016020290390588342,99.6073717948718,100.0,0.3926282051282044,0.0,0.01408150829846346,0.009364212615580498,0.3939038010597229,91.41,99.77,8.590000000000003,0.23000000000000398
278,108420,0.015195521941551795,0.0016622696167383438,0.01624263524531554,99.56129807692308,99.99599358974359,0.4387019230769198,0.004006410256408799,0.014006400410133072,0.00946358487575869,0.38957645330429075,91.41,99.79,8.590000000000003,0.20999999999999375
279,108810,0.014970960372533555,0.0015985556137867462,0.016264099856384863,99.51121794871794,100.0,0.4887820512820582,0.0,0.014038107063196883,0.008816278433497948,0.39447442255020143,91.41,99.77,8.590000000000003,0.23000000000000398
280,109200,0.014945554121946676,0.0016349547948592748,0.016906741205364083,99.52323717948718,100.0,0.4767628205128176,0.0,0.014208039150962347,0.009125066708914841,0.3919634687423706,91.42,99.77,8.579999999999998,0.23000000000000398
281,109590,0.015575993366730519,0.0016125532296987681,0.017101684096866313,99.52724358974359,100.0,0.4727564102564088,0.0,0.013759109038340895,0.00981005535850042,0.39255951261520383,91.47,99.76,8.530000000000001,0.23999999999999488
282,109980,0.01502400117042737,0.001514266087458684,0.01621511851091129,99.53926282051282,100.0,0.4607371794871824,0.0,0.013982845258109177,0.008881164502493943,0.3940357573509216,91.33,99.79,8.670000000000002,0.20999999999999375
283,110370,0.015627732643714316,0.001635890129284981,0.017082476158005497,99.52724358974359,100.0,0.4727564102564088,0.0,0.013869083380397362,0.009224254873734487,0.3897293265342712,91.49,99.77,8.510000000000005,0.23000000000000398
284,110760,0.01565109216249906,0.0016849737900954027,0.01657866158773406,99.5332532051282,100.0,0.4667467948717956,0.0,0.013855635365353355,0.009096163737622998,0.3914638871192932,91.5,99.77,8.5,0.23000000000000398
285,111150,0.015566208423712315,0.0018554363495264297,0.016491240532232974,99.53725961538461,100.0,0.4627403846153868,0.0,0.013853483562228045,0.009518234035636805,0.39311262817382814,91.4,99.79,8.599999999999994,0.20999999999999375
286,111540,0.015791010245298727,0.0016111086576412886,0.01755647587392909,99.50921474358974,100.0,0.4907852564102626,0.0,0.013799911812890935,0.00854869432087186,0.39550982837677,91.45,99.78,8.549999999999997,0.21999999999999886
287,111930,0.01567504222576435,0.0016541340412237705,0.016940698325514602,99.53525641025641,100.0,0.4647435897435912,0.0,0.015272131449059595,0.010785902602763115,0.39346692581176756,91.43,99.8,8.569999999999993,0.20000000000000284
288,112320,0.01577416566702036,0.0016490673407530173,0.01648729213883575,99.54727564102564,100.0,0.4527243589743648,0.0,0.01583243321768845,0.01079185703132726,0.39410621614456176,91.5,99.79,8.5,0.20999999999999375
289,112710,0.01545267349634415,0.0015923457267956857,0.016156623649816865,99.58533653846153,100.0,0.414663461538467,0.0,0.013749530043783067,0.009085114998153494,0.39326034755706785,91.43,99.77,8.569999999999993,0.23000000000000398
290,113100,0.014992842307457557,0.0015108915475698617,0.016335367574356496,99.54727564102564,100.0,0.4527243589743648,0.0,0.013858010497274278,0.009756184831450257,0.392854167175293,91.45,99.74,8.549999999999997,0.2600000000000051
291,113490,0.015427851676940918,0.0015863516391851963,0.0175731822114008,99.48116987179488,100.0,0.5188301282051242,0.0,0.014184613771076444,0.008765878556649896,0.3923813756942749,91.44,99.78,8.560000000000002,0.21999999999999886
292,113880,0.015043165133549617,0.0015484204659095178,0.016044787600791702,99.5673076923077,100.0,0.4326923076923066,0.0,0.01359031773820708,0.00902379615397393,0.39158293228149416,91.58,99.78,8.420000000000002,0.21999999999999886
293,114270,0.01534256446055877,0.0015060351445124699,0.017029849305534018,99.54126602564102,100.0,0.458733974358978,0.0,0.014226180088670947,0.00982968716681758,0.3905832731246948,91.45,99.75,8.549999999999997,0.25
294,114660,0.01502817899752886,0.001623229491404998,0.016947503343152884,99.55729166666667,100.0,0.4427083333333286,0.0,0.01354972018471247,0.008612379243102255,0.3968509202003479,91.31,99.78,8.689999999999998,0.21999999999999886
295,115050,0.01544205653361785,0.0015641652620755708,0.01638831067113922,99.60136217948718,100.0,0.3986378205128176,0.0,0.01388144794898697,0.008478919162025934,0.39381867179870605,91.44,99.78,8.560000000000002,0.21999999999999886
296,115440,0.015372791657081017,0.0016521851221720377,0.017433505952776148,99.4891826923077,100.0,0.5108173076923066,0.0,0.013978801196134543,0.009470927564403679,0.39289242458343504,91.37,99.77,8.629999999999995,0.23000000000000398
297,115830,0.01548624650025979,0.0015912911830804287,0.016919540057484157,99.50120192307692,100.0,0.4987980769230802,0.0,0.013884831078444855,0.00909233998648728,0.39335332441329957,91.34,99.77,8.659999999999997,0.23000000000000398
298,116220,0.015226237590496357,0.0016926001279782025,0.016582525451369106,99.5673076923077,100.0,0.4326923076923066,0.0,0.013762715496594392,0.009141306333904024,0.3900443078994751,91.43,99.79,8.569999999999993,0.20999999999999375
299,116610,0.015656903462532238,0.001630240220289964,0.015940476817269927,99.58934294871794,100.0,0.4106570512820582,0.0,0.014203883424589905,0.009021774122986612,0.39487912797927854,91.44,99.79,8.560000000000002,0.20999999999999375
300,117000,0.015704798087095604,0.0015265385309855143,0.015424249698527348,99.58333333333333,100.0,0.4166666666666714,0.0,0.013968328886394259,0.008992270578311968,0.39064648723602297,91.41,99.75,8.590000000000003,0.25
301,117390,0.015317570857512645,0.001470035161727514,0.015673754569620658,99.57932692307692,100.0,0.4206730769230802,0.0,0.013925042333482187,0.009761487381367744,0.39074945220947266,91.39,99.79,8.61,0.20999999999999375
302,117780,0.015162338965978378,0.0016581333600557766,0.01682658691305476,99.52524038461539,100.0,0.4747596153846132,0.0,0.013884837114358251,0.009454847891119462,0.3934818024635315,91.48,99.75,8.519999999999996,0.25
303,118170,0.015501038844768817,0.001462586109454815,0.015206371139711104,99.63741987179488,100.0,0.3625801282051242,0.0,0.013974950283388549,0.009303328357165373,0.3918965714454651,91.48,99.76,8.519999999999996,0.23999999999999488
304,118560,0.015383197099734576,0.0015740125607221554,0.01669821084703868,99.57532051282051,100.0,0.424679487179489,0.0,0.013983554477933088,0.009618674652485908,0.39406961126327517,91.44,99.8,8.560000000000002,0.20000000000000284
305,118950,0.014887818312033629,0.001567525130051833,0.016253429969462257,99.55528846153847,100.0,0.444711538461533,0.0,0.013910616500468194,0.00930693783337557,0.394455037021637,91.36,99.79,8.64,0.20999999999999375
306,119340,0.015257529112008901,0.0015298996216211564,0.0157759043507469,99.60136217948718,100.0,0.3986378205128176,0.0,0.013786563390417944,0.009390999999227403,0.39117828454971315,91.46,99.78,8.540000000000006,0.21999999999999886
307,119730,0.015163154479784844,0.001664415383950258,0.016340756870639055,99.55929487179488,99.9979967948718,0.4407051282051242,0.0020032051282043994,0.013954627362987663,0.008396160753467415,0.3925895516395569,91.39,99.78,8.61,0.21999999999999886
308,120120,0.015341855318118365,0.0013639028255756085,0.01684657453487699,99.5292467948718,100.0,0.4707532051282044,0.0,0.013952919199496885,0.009575098375730876,0.3970108805656433,91.5,99.73,8.5,0.269999999999996
309,120510,0.01509857789064065,0.0016375015943478316,0.017230225420103242,99.54126602564102,100.0,0.458733974358978,0.0,0.013893836661230159,0.00967484184458286,0.3962950501441956,91.23,99.8,8.769999999999996,0.20000000000000284
310,120900,0.015205953671382024,0.0015704234441121419,0.016279777041517007,99.53125,100.0,0.46875,0.0,0.014014253133459937,0.008488790898383418,0.39233880434036256,91.41,99.76,8.590000000000003,0.23999999999999488
311,121290,0.015605508364163911,0.0016711962528717823,0.016866821338398716,99.51923076923077,100.0,0.4807692307692264,0.0,0.014055997510499593,0.009828549397142627,0.39316914567947386,91.41,99.79,8.590000000000003,0.20999999999999375
312,121680,0.0151121335151868,0.0016174041307889498,0.016239771823016686,99.5673076923077,100.0,0.4326923076923066,0.0,0.013987414444549174,0.009452333933190454,0.39283016939163207,91.39,99.79,8.61,0.20999999999999375
313,122070,0.015500565064259064,0.0015503094746516302,0.01656192574226178,99.55128205128206,100.0,0.4487179487179418,0.0,0.013851138609874098,0.009360551834106445,0.3957962112426758,91.38,99.75,8.620000000000005,0.25
314,122460,0.015479746231665979,0.0016199173071445563,0.016626148391216514,99.55729166666667,100.0,0.4427083333333286,0.0,0.013763922679273389,0.008736021911041647,0.39205280113220214,91.51,99.78,8.489999999999995,0.21999999999999886
315,122850,0.015514499713213016,0.0016662878867907403,0.015759790707857182,99.59334935897436,100.0,0.4066506410256352,0.0,0.013837630235696141,0.008225778990154024,0.38856061944961545,91.49,99.79,8.510000000000005,0.20999999999999375
316,123240,0.015119481698060646,0.0016256032845912835,0.01690617462273878,99.54126602564102,100.0,0.458733974358978,0.0,0.014022993136055862,0.009918629368649253,0.3929530119895935,91.42,99.78,8.579999999999998,0.21999999999999886
317,123630,0.015472923792325533,0.001591354150038499,0.016078970186675014,99.56330128205128,100.0,0.4366987179487154,0.0,0.013965573491929452,0.008926889564417586,0.3897740795135498,91.45,99.78,8.549999999999997,0.21999999999999886
318,124020,0.015372371673583985,0.0017704450167142429,0.017796107412029343,99.45713141025641,99.9979967948718,0.5428685897435912,0.0020032051282043994,0.013835306409039076,0.009436423265481298,0.4001257612228394,91.35,99.77,8.650000000000006,0.23000000000000398
319,124410,0.015488354976360615,0.001606450325403458,0.016025845595719054,99.57532051282051,100.0,0.424679487179489,0.0,0.013989119590083254,0.009333444547049607,0.39245997371673585,91.46,99.77,8.540000000000006,0.23000000000000398
320,124800,0.01567551417228503,0.0017060041427612305,0.01638570147423217,99.5713141025641,100.0,0.4286858974358978,0.0,0.014127372186395187,0.009594675860827483,0.39346634855270385,91.4,99.76,8.599999999999994,0.23999999999999488
321,125190,0.01540074959779397,0.001619093846052121,0.017310157520935322,99.54727564102564,100.0,0.4527243589743648,0.0,0.013901019398170181,0.00944600829595252,0.39371524362564086,91.33,99.74,8.670000000000002,0.2600000000000051
322,125580,0.014942813530946389,0.0015271504720052083,0.016663823917937966,99.55729166666667,99.99599358974359,0.4427083333333286,0.004006410256408799,0.013851265364055391,0.009203817270979096,0.394493173122406,91.45,99.79,8.549999999999997,0.20999999999999375
323,125970,0.015570913217006585,0.0014166862536699344,0.015936656252970586,99.5733173076923,100.0,0.4266826923076934,0.0,0.013800461081009878,0.008751959740361082,0.3944588960647583,91.34,99.78,8.659999999999997,0.21999999999999886
324,126360,0.015207058344131861,0.0016469613099709536,0.01743811193602876,99.53125,100.0,0.46875,0.0,0.014146044284482545,0.008746503274652023,0.39335269174575804,91.4,99.76,8.599999999999994,0.23999999999999488
325,126750,0.01504051624200283,0.0018189045099111705,0.01577228280232073,99.58133012820512,100.0,0.4186698717948758,0.0,0.013804939728748949,0.008547580694850487,0.3947227621078491,91.36,99.73,8.64,0.269999999999996
326,127140,0.015502359316899226,0.002015376702333108,0.017191882573593505,99.51522435897436,99.9979967948718,0.4847756410256352,0.0020032051282043994,0.014112849778766874,0.009805172304563884,0.3934892346382141,91.45,99.74,8.549999999999997,0.2600000000000051
327,127530,0.014739751204466208,0.0016416653608664488,0.016349658582849095,99.55128205128206,100.0,0.4487179487179418,0.0,0.014024474952794328,0.009438445296468614,0.39626619815826414,91.35,99.77,8.650000000000006,0.23000000000000398
328,127920,0.015029589335123697,0.0014961884571955755,0.01600477101179795,99.55929487179488,100.0,0.4407051282051242,0.0,0.014031573186946821,0.009032406384431863,0.39291610803604127,91.46,99.8,8.540000000000006,0.20000000000000284
329,128310,0.015269033114115397,0.0016626364145523463,0.016067071521105484,99.55929487179488,100.0,0.4407051282051242,0.0,0.013651117493834677,0.008852237387548518,0.3938262913703918,91.46,99.76,8.540000000000006,0.23999999999999488
330,128700,0.015022354248242501,0.0015795328678228917,0.0168662927322424,99.5332532051282,100.0,0.4667467948717956,0.0,0.014048980761177932,0.01054825662057611,0.3951292205810547,91.32,99.79,8.680000000000007,0.20999999999999375
331,129090,0.01518419339106633,0.00156554931249374,0.016324505132014076,99.5673076923077,100.0,0.4326923076923066,0.0,0.014123460914515242,0.008293456669095197,0.3952039408683777,91.44,99.73,8.560000000000002,0.269999999999996
332,129480,0.015537385451488006,0.0016665183580838717,0.015947444782926676,99.5733173076923,100.0,0.4266826923076934,0.0,0.013860270946840697,0.009543216681178612,0.39867552728652955,91.28,99.76,8.719999999999999,0.23999999999999488
333,129870,0.015311127442580003,0.0015983453163733849,0.016681195101223123,99.54727564102564,100.0,0.4527243589743648,0.0,0.01390612578090233,0.009593903263912925,0.3899676097869873,91.41,99.78,8.590000000000003,0.21999999999999886
334,130260,0.015562162032494178,0.0015363723803789187,0.015805811794976202,99.55729166666667,100.0,0.4427083333333286,0.0,0.013960793048520631,0.009317216993887214,0.39594860429763795,91.4,99.78,8.599999999999994,0.21999999999999886
335,130650,0.015723583637139736,0.0016810869559263572,0.015480546154774344,99.60136217948718,100.0,0.3986378205128176,0.0,0.014093936244143715,0.01005824608138845,0.39543426322937014,91.43,99.76,8.569999999999993,0.23999999999999488
336,131040,0.015586121877034505,0.00157620845696865,0.01697089210516797,99.53926282051282,100.0,0.4607371794871824,0.0,0.01400630685347545,0.009379954277714597,0.3950523815155029,91.37,99.79,8.629999999999995,0.20999999999999375
337,131430,0.01522366817180927,0.0015927663216224084,0.016866371147812177,99.51121794871794,100.0,0.4887820512820582,0.0,0.013882911657985253,0.00948277304444132,0.3934591989517212,91.5,99.72,8.5,0.28000000000000114
338,131820,0.015388040664868477,0.001616067764086601,0.016104053781152917,99.54126602564102,100.0,0.458733974358978,0.0,0.013756299320655533,0.008851724334909945,0.3915119654655457,91.44,99.78,8.560000000000002,0.21999999999999886
339,132210,0.015222002909733698,0.0016177721512623323,0.016383861753946315,99.54927884615384,100.0,0.4507211538461604,0.0,0.014166189145438279,0.009503820274449602,0.39184878664016726,91.39,99.78,8.61,0.21999999999999886
340,132600,0.01571498039441231,0.0014920870463053385,0.014851154934447736,99.6113782051282,100.0,0.3886217948717956,0.0,0.014722860312160057,0.01043074040473262,0.3932496070861816,91.44,99.76,8.560000000000002,0.23999999999999488
341,132990,0.015425758484082345,0.0016272661013480945,0.016638424158550033,99.51722756410257,100.0,0.4827724358974308,0.0,0.01409138305277764,0.008962193621864801,0.395434335231781,91.35,99.78,8.650000000000006,0.21999999999999886
342,133380,0.015664100646972656,0.0014732244687202648,0.015539918876348589,99.5733173076923,100.0,0.4266826923076934,0.0,0.01406924030448817,0.009372330919096741,0.39682703828811644,91.42,99.77,8.579999999999998,0.23000000000000398
343,133770,0.015409209789373936,0.0015626008693988506,0.016082127162446388,99.57532051282051,100.0,0.424679487179489,0.0,0.01380554030213175,0.008844541597969924,0.38899927186965944,91.4,99.73,8.599999999999994,0.269999999999996
344,134160,0.015039731294680864,0.0015820870032677284,0.0167178916079231,99.53725961538461,100.0,0.4627403846153868,0.0,0.013949952548063254,0.009142812294296072,0.3982547261238098,91.36,99.77,8.64,0.23000000000000398
345,134550,0.01525577459579859,0.0015193798603155674,0.01666166839751009,99.53926282051282,100.0,0.4607371794871824,0.0,0.014030052136771286,0.009341493437561807,0.39552644348144533,91.31,99.76,8.689999999999998,0.23999999999999488
346,134940,0.015000104904174805,0.0015233883490929237,0.015430534654893937,99.59334935897436,100.0,0.4066506410256352,0.0,0.013782489148876335,0.009081291247017776,0.3982291378974915,91.24,99.77,8.760000000000005,0.23000000000000398
347,135330,0.014951959023108849,0.001525730964465019,0.015600535910851202,99.59535256410257,100.0,0.4046474358974308,0.0,0.013973743100709554,0.009904930863199355,0.39483528680801394,91.45,99.79,8.549999999999997,0.20999999999999375
348,135720,0.015158599462264624,0.0015314939694526868,0.01564248209962478,99.60136217948718,99.9979967948718,0.3986378205128176,0.0020032051282043994,0.013852970509589472,0.00915535794028753,0.39639793043136595,91.44,99.73,8.560000000000002,0.269999999999996
349,136110,0.015398035905300042,0.0015199422836303712,0.016091904654883995,99.59334935897436,100.0,0.4066506410256352,0.0,0.013876205758203435,0.008635792551161368,0.39256271200180054,91.35,99.8,8.650000000000006,0.20000000000000284
350,136500,0.015398297554407364,0.0015297932502550957,0.016375205589410587,99.57732371794872,100.0,0.4226762820512846,0.0,0.013825319990327087,0.00892003578475759,0.3949847408294678,91.4,99.75,8.599999999999994,0.25
